binance-BTC/USDT,BTCUSDT,60201.98,,,,,,180605.94
binance-BTC/RUB,BTCRUB,3900027.0,,,,,,11700081.0
gateio-BTC/USDT,BTC/USDT,60193.4,,,,,,180580.2
kucoin-BTC/USDT,BTC/USDT,60199.4,,,,,,180598.2
binance-BTC/USDT,BTCUSDT,60203.12,,,,0.0018936254256079583,,180609.36000000002
binance-BTC/RUB,BTCRUB,3900027.0,,,,0.0,,11700081.0
gateio-BTC/USDT,BTC/USDT,60193.4,,,,0.0,,180580.2
kucoin-BTC/USDT,BTC/USDT,60204.0,,,,0.007641272172145478,,180612.0
binance-BTC/USDT,BTCUSDT,60268.0,,,,0.10776850103449354,,180804.0
binance-BTC/RUB,BTCRUB,3900027.0,,,,0.0,,11700081.0
gateio-BTC/USDT,BTC/USDT,60268.5,,,,0.12476450906577555,,180805.5
kucoin-BTC/USDT,BTC/USDT,60256.7,,,,0.08753571191282489,,180770.09999999998
binance-BTC/USDT,BTCUSDT,60200.0,,,,-0.1128293621822526,,180600.0
binance-BTC/RUB,BTCRUB,3900027.0,,,,0.0,,11700081.0
gateio-BTC/USDT,BTC/USDT,60198.8,,,,-0.11564913677957323,,180596.40000000002
kucoin-BTC/USDT,BTC/USDT,60189.0,,,,-0.11235265124043814,,180567.0
binance-BTC/USDT,BTCUSDT,60199.99,,,,-1.6611295684447288e-05,,180599.97
binance-BTC/RUB,BTCRUB,3900027.0,,,,0.0,,11700081.0
gateio-BTC/USDT,BTC/USDT,60200.0,,,,0.001993395217175574,,180600.0
kucoin-BTC/USDT,BTC/USDT,60198.3,,,,0.015451328315810049,,180594.90000000002
binance-BTC/USDT,BTCUSDT,59811.49,,,,-0.6453489444101237,,179434.47
binance-BTC/RUB,BTCRUB,3900027.0,,,,0.0,,11700081.0
gateio-BTC/USDT,BTC/USDT,59802.8,,,,-0.6598006644518224,,179408.40000000002
kucoin-BTC/USDT,BTC/USDT,59808.0,,,,-0.6483571795216856,,179424.0
binance-BTC/USDT,BTCUSDT,59811.62,,,,0.00021734954271270725,,179434.86000000002
binance-BTC/RUB,BTCRUB,3900027.0,,,,0.0,,11700081.0
gateio-BTC/USDT,BTC/USDT,59811.5,,,,0.014547813814732904,,179434.5
kucoin-BTC/USDT,BTC/USDT,59815.8,,,,0.013041733547356391,,179447.40000000002
binance-BTC/USDT,BTCUSDT,59817.87,,,,0.010449474533543817,,179453.61000000002
binance-BTC/RUB,BTCRUB,3900027.0,,,,0.0,,11700081.0
gateio-BTC/USDT,BTC/USDT,59817.7,,,,0.010365899534365614,,179453.09999999998
kucoin-BTC/USDT,BTC/USDT,59820.7,,,,0.008191815540365887,,179462.09999999998
binance-BTC/USDT,BTCUSDT,59817.87,,,,0.0,,179453.61000000002
binance-BTC/RUB,BTCRUB,3900027.0,,,,0.0,,11700081.0
gateio-BTC/USDT,BTC/USDT,59817.6,,,,-0.00016717459882032378,,179452.8
kucoin-BTC/USDT,BTC/USDT,59821.4,,,,0.0011701635052822278,,179464.2
binance-BTC/USDT,BTCUSDT,59829.98,,,,0.020244786382398072,,179489.94
binance-BTC/RUB,BTCRUB,3900027.0,,,,0.0,,11700081.0
gateio-BTC/USDT,BTC/USDT,59828.7,,,,0.018556411490930003,,179486.09999999998
kucoin-BTC/USDT,BTC/USDT,59835.5,,,,0.023570160511119004,,179506.5
binance-BTC/USDT,BTCUSDT,59858.7,,,,0.04800269029004169,,179576.09999999998
binance-BTC/RUB,BTCRUB,3900027.0,,,,0.0,,11700081.0
gateio-BTC/USDT,BTC/USDT,59857.5,,,,0.048137432369419544,,179572.5
kucoin-BTC/USDT,BTC/USDT,59860.5,,,,0.04178121683615914,,179581.5
binance-BTC/USDT,BTCUSDT,59868.87,,,,0.01699001147703764,,179606.61000000002
binance-BTC/RUB,BTCRUB,3900027.0,,,,0.0,,11700081.0
gateio-BTC/USDT,BTC/USDT,59871.8,,,,0.023890072254943676,,179615.40000000002
kucoin-BTC/USDT,BTC/USDT,59872.0,,,,0.0192113330159287,,179616.0
binance-BTC/USDT,BTCUSDT,59868.88,,,,1.6703171439115704e-05,,179606.63999999998
binance-BTC/RUB,BTCRUB,3900027.0,,,,0.0,,11700081.0
gateio-BTC/USDT,BTC/USDT,59865.3,,,,-0.010856530119355022,,179595.90000000002
kucoin-BTC/USDT,BTC/USDT,59871.2,,,,-0.0013361838589038455,,179613.59999999998
binance-BTC/USDT,BTCUSDT,59827.51,,,,-0.06910100873775381,,179482.53
binance-BTC/RUB,BTCRUB,3900027.0,,,,0.0,,11700081.0
gateio-BTC/USDT,BTC/USDT,59829.3,,,,-0.06013500308191891,,179487.90000000002
kucoin-BTC/USDT,BTC/USDT,59827.5,,,,-0.07299001857319895,,179482.5
binance-BTC/USDT,BTCUSDT,59801.1,,,,-0.044143572079137994,,179403.3
binance-BTC/RUB,BTCRUB,3900027.0,,,,0.0,,11700081.0
gateio-BTC/USDT,BTC/USDT,59803.4,,,,-0.043289826222271455,,179410.2
kucoin-BTC/USDT,BTC/USDT,59800.6,,,,-0.04496260081066642,,179401.8
binance-BTC/USDT,BTCUSDT,59786.03,,,,-0.02520020534739279,,179358.09
binance-BTC/RUB,BTCRUB,3900027.0,,,,0.0,,11700081.0
gateio-BTC/USDT,BTC/USDT,59790.1,,,,-0.022239538220239836,,179370.3
kucoin-BTC/USDT,BTC/USDT,59790.0,,,,-0.01772557465978359,,179370.0
binance-BTC/USDT,BTCUSDT,59761.1,,,,-0.041698704530139054,,179283.3
binance-BTC/RUB,BTCRUB,3900027.0,,,,0.0,,11700081.0
gateio-BTC/USDT,BTC/USDT,59763.9,,,,-0.043819963505659115,,179291.7
kucoin-BTC/USDT,BTC/USDT,59772.4,,,,-0.029436360595414858,,179317.2
binance-BTC/USDT,BTCUSDT,59774.01,,,,0.02160268134288608,,179322.03
binance-BTC/RUB,BTCRUB,3900027.0,,,,0.0,,11700081.0
gateio-BTC/USDT,BTC/USDT,59774.6,,,,0.017903784726226182,,179323.8
kucoin-BTC/USDT,BTC/USDT,59769.5,,,,-0.004851737591265292,,179308.5
binance-BTC/USDT,BTCUSDT,59777.0,,,,0.005002174021782983,,179331.0
binance-BTC/RUB,BTCRUB,3900027.0,,,,0.0,,11700081.0
gateio-BTC/USDT,BTC/USDT,59781.7,,,,0.011877954850385524,,179345.09999999998
kucoin-BTC/USDT,BTC/USDT,59774.2,,,,0.007863542442210643,,179322.59999999998
binance-BTC/USDT,BTCUSDT,59809.88,,,,0.05500443314317778,,179429.63999999998
binance-BTC/RUB,BTCRUB,3900027.0,,,,0.0,,11700081.0
gateio-BTC/USDT,BTC/USDT,59814.3,,,,0.05453173797333602,,179442.90000000002
kucoin-BTC/USDT,BTC/USDT,59810.9,,,,0.06139772677845017,,179432.7
binance-BTC/USDT,BTCUSDT,59828.0,,,,0.03029599791874289,,179484.0
binance-BTC/RUB,BTCRUB,3900027.0,,,,0.0,,11700081.0
gateio-BTC/USDT,BTC/USDT,59828.0,,,,0.02290422190010932,,179484.0
kucoin-BTC/USDT,BTC/USDT,59826.9,,,,0.026750976828638258,,179480.7
binance-BTC/USDT,BTCUSDT,59830.0,,,,0.0033429163602326666,,179490.0
binance-BTC/RUB,BTCRUB,3900027.0,,,,0.0,,11700081.0
gateio-BTC/USDT,BTC/USDT,59827.3,,,,-0.0011700207260765688,,179481.90000000002
kucoin-BTC/USDT,BTC/USDT,59820.0,,,,-0.011533273494032709,,179460.0
binance-BTC/USDT,BTCUSDT,59866.44,,,,0.060905900050145956,,179599.32
binance-BTC/RUB,BTCRUB,3900027.0,,,,0.0,,11700081.0
gateio-BTC/USDT,BTC/USDT,59869.4,,,,0.07036921271726877,,179608.2
kucoin-BTC/USDT,BTC/USDT,59867.3,,,,0.07907054496824291,,179601.90000000002
binance-BTC/USDT,BTCUSDT,59869.98,,,,0.005913162700172038,,179609.94
binance-BTC/RUB,BTCRUB,3900027.0,,,,0.0,,11700081.0
gateio-BTC/USDT,BTC/USDT,59870.1,,,,0.001169211650688147,,179610.3
kucoin-BTC/USDT,BTC/USDT,59870.9,,,,0.006013299413867912,,179612.7
binance-BTC/USDT,BTCUSDT,60017.49,,,,0.2463839139415025,,180052.47
binance-BTC/RUB,BTCRUB,3900027.0,,,,0.0,,11700081.0
gateio-BTC/USDT,BTC/USDT,60013.2,,,,0.23901747282867167,,180039.59999999998
kucoin-BTC/USDT,BTC/USDT,60013.6,,,,0.23834617485288695,,180040.8
binance-BTC/USDT,BTCUSDT,60142.02,,,,0.20748951680584918,,180426.06
binance-BTC/RUB,BTCRUB,3900027.0,,,,0.0,,11700081.0
gateio-BTC/USDT,BTC/USDT,60147.2,,,,0.22328421080695582,,180441.59999999998
kucoin-BTC/USDT,BTC/USDT,60157.6,,,,0.23994561232787234,,180472.8
binance-BTC/USDT,BTCUSDT,59993.02,,,,-0.24774691638225652,,179979.06
binance-BTC/RUB,BTCRUB,3900027.0,,,,0.0,,11700081.0
gateio-BTC/USDT,BTC/USDT,59996.5,,,,-0.250551979144494,,179989.5
kucoin-BTC/USDT,BTC/USDT,59982.0,,,,-0.29189994281686527,,179946.0
binance-BTC/USDT,BTCUSDT,59989.79,,,,-0.0053839596673011724,,179969.37
binance-BTC/RUB,BTCRUB,3900027.0,,,,0.0,,11700081.0
gateio-BTC/USDT,BTC/USDT,59984.0,,,,-0.020834548682006453,,179952.0
kucoin-BTC/USDT,BTC/USDT,59982.0,,,,0.0,,179946.0
binance-BTC/USDT,BTCUSDT,59996.01,,,,0.010368431028015207,,179988.03
binance-BTC/RUB,BTCRUB,3900027.0,,,,0.0,,11700081.0
gateio-BTC/USDT,BTC/USDT,59994.2,,,,0.017004534542539827,,179982.59999999998
kucoin-BTC/USDT,BTC/USDT,59998.5,,,,0.027508252475742723,,179995.5
binance-BTC/USDT,BTCUSDT,59954.13,,,,-0.06980464200870133,,179862.38999999998
binance-BTC/RUB,BTCRUB,3900027.0,,,,0.0,,11700081.0
gateio-BTC/USDT,BTC/USDT,59956.4,,,,-0.06300609058874965,,179869.2
kucoin-BTC/USDT,BTC/USDT,59959.6,,,,-0.06483495420719093,,179878.8
binance-BTC/USDT,BTCUSDT,59966.01,,,,0.01981514868117452,,179898.03
binance-BTC/RUB,BTCRUB,3900027.0,,,,0.0,,11700081.0
gateio-BTC/USDT,BTC/USDT,59969.7,,,,0.022182786157934155,,179909.09999999998
kucoin-BTC/USDT,BTC/USDT,59977.5,,,,0.029853434645997396,,179932.5
binance-BTC/USDT,BTCUSDT,59987.99,,,,0.03665409787977543,,179963.97
binance-BTC/RUB,BTCRUB,3900027.0,,,,0.0,,11700081.0
gateio-BTC/USDT,BTC/USDT,59979.2,,,,0.015841333206602668,,179937.59999999998
kucoin-BTC/USDT,BTC/USDT,59996.9,,,,0.03234546288191648,,179990.7
binance-BTC/USDT,BTCUSDT,60060.83,,,,0.12142430509841018,,180182.49
binance-BTC/RUB,BTCRUB,3900027.0,,,,0.0,,11700081.0
gateio-BTC/USDT,BTC/USDT,60059.6,,,,0.1340464694427426,,180178.8
kucoin-BTC/USDT,BTC/USDT,60064.9,,,,0.11333918919144155,,180194.7
binance-BTC/USDT,BTCUSDT,60084.0,,,,0.038577555455024934,,180252.0
binance-BTC/RUB,BTCRUB,3900027.0,,,,0.0,,11700081.0
gateio-BTC/USDT,BTC/USDT,60080.8,,,,0.03529827038475842,,180242.40000000002
kucoin-BTC/USDT,BTC/USDT,60089.3,,,,0.04062272641759406,,180267.90000000002
binance-BTC/USDT,BTCUSDT,60090.29,,,,0.010468677185275404,,180270.87
binance-BTC/RUB,BTCRUB,3900027.0,,,,0.0,,11700081.0
gateio-BTC/USDT,BTC/USDT,60089.5,,,,0.014480499593875398,,180268.5
kucoin-BTC/USDT,BTC/USDT,60091.5,,,,0.003661217554534816,,180274.5
binance-BTC/USDT,BTCUSDT,60129.99,,,,0.06606724647192931,,180389.97
binance-BTC/RUB,BTCRUB,3900027.0,,,,0.0,,11700081.0
gateio-BTC/USDT,BTC/USDT,60132.6,,,,0.07172634154053295,,180397.8
kucoin-BTC/USDT,BTC/USDT,60128.6,,,,0.061739181082180586,,180385.8
binance-BTC/USDT,BTCUSDT,60100.01,,,,-0.04985864790597159,,180300.03
binance-BTC/RUB,BTCRUB,3900027.0,,,,0.0,,11700081.0
gateio-BTC/USDT,BTC/USDT,60104.1,,,,-0.04739525648317219,,180312.3
kucoin-BTC/USDT,BTC/USDT,60105.1,,,,-0.03908289898650559,,180315.3
binance-BTC/USDT,BTCUSDT,60060.0,,,,-0.06657236829079069,,180180.0
binance-BTC/RUB,BTCRUB,3900027.0,,,,0.0,,11700081.0
gateio-BTC/USDT,BTC/USDT,60060.8,,,,-0.07204167436164194,,180182.40000000002
kucoin-BTC/USDT,BTC/USDT,60060.7,,,,-0.07387060332650883,,180182.09999999998
binance-BTC/USDT,BTCUSDT,60069.0,,,,0.014985014985014984,,180207.0
binance-BTC/RUB,BTCRUB,3900027.0,,,,0.0,,11700081.0
gateio-BTC/USDT,BTC/USDT,60063.8,,,,0.004994938462358144,,180191.40000000002
kucoin-BTC/USDT,BTC/USDT,60066.9,,,,0.010322890009614217,,180200.7
binance-BTC/USDT,BTCUSDT,60072.0,,,,0.00499425660490436,,180216.0
binance-BTC/RUB,BTCRUB,3900027.0,,,,0.0,,11700081.0
gateio-BTC/USDT,BTC/USDT,60073.6,,,,0.016315984003668824,,180220.8
kucoin-BTC/USDT,BTC/USDT,60066.1,,,,-0.0013318483224586425,,180198.3
binance-BTC/USDT,BTCUSDT,60062.48,,,,-0.0158476494872766,,180187.44
binance-BTC/RUB,BTCRUB,3900027.0,,,,0.0,,11700081.0
gateio-BTC/USDT,BTC/USDT,60060.4,,,,-0.021973046396415546,,180181.2
kucoin-BTC/USDT,BTC/USDT,60058.5,,,,-0.01265272757844865,,180175.5
binance-BTC/USDT,BTCUSDT,60029.06,,,,-0.05564205807020545,,180087.18
binance-BTC/RUB,BTCRUB,3900027.0,,,,0.0,,11700081.0
gateio-BTC/USDT,BTC/USDT,60032.0,,,,-0.047285732362757245,,180096.0
kucoin-BTC/USDT,BTC/USDT,60028.4,,,,-0.05011780180989958,,180085.2
binance-BTC/USDT,BTCUSDT,60052.0,,,,0.03821482461994629,,180156.0
binance-BTC/RUB,BTCRUB,3900027.0,,,,0.0,,11700081.0
gateio-BTC/USDT,BTC/USDT,60051.8,,,,0.032982409381667965,,180155.40000000002
kucoin-BTC/USDT,BTC/USDT,60046.5,,,,0.030152394533251838,,180139.5
binance-BTC/USDT,BTCUSDT,60032.25,,,,-0.032888163591553984,,180096.75
binance-BTC/RUB,BTCRUB,3900027.0,,,,0.0,,11700081.0
gateio-BTC/USDT,BTC/USDT,60035.0,,,,-0.027975847518314043,,180105.0
kucoin-BTC/USDT,BTC/USDT,60027.0,,,,-0.03247483200519597,,180081.0
binance-BTC/USDT,BTCUSDT,60049.74,,,,0.029134340292089608,,180149.22
binance-BTC/RUB,BTCRUB,3900027.0,,,,0.0,,11700081.0
gateio-BTC/USDT,BTC/USDT,60043.4,,,,0.013991838094447331,,180130.2
kucoin-BTC/USDT,BTC/USDT,60043.4,,,,0.02732103886584613,,180130.2
binance-BTC/USDT,BTCUSDT,60030.01,,,,-0.03285609563004924,,180090.03
binance-BTC/RUB,BTCRUB,3900027.0,,,,0.0,,11700081.0
gateio-BTC/USDT,BTC/USDT,60026.6,,,,-0.027979761305993514,,180079.8
kucoin-BTC/USDT,BTC/USDT,60024.7,,,,-0.03114413907274466,,180074.09999999998
binance-BTC/USDT,BTCUSDT,60053.48,,,,0.039097111594686,,180160.44
binance-BTC/RUB,BTCRUB,3900027.0,,,,0.0,,11700081.0
gateio-BTC/USDT,BTC/USDT,60053.2,,,,0.04431368759849558,,180159.59999999998
kucoin-BTC/USDT,BTC/USDT,60050.9,,,,0.043648697952683425,,180152.7
binance-BTC/USDT,BTCUSDT,60040.0,,,,-0.022446659211095177,,180120.0
binance-BTC/RUB,BTCRUB,3900027.0,,,,0.0,,11700081.0
gateio-BTC/USDT,BTC/USDT,60041.6,,,,-0.01931620629708083,,180124.8
kucoin-BTC/USDT,BTC/USDT,60037.5,,,,-0.022314403281218857,,180112.5
binance-BTC/USDT,BTCUSDT,60042.01,,,,0.0033477681545670173,,180126.03
binance-BTC/RUB,BTCRUB,3900027.0,,,,0.0,,11700081.0
gateio-BTC/USDT,BTC/USDT,60038.6,,,,-0.004996535735223578,,180115.8
kucoin-BTC/USDT,BTC/USDT,60037.5,,,,0.0,,180112.5
binance-BTC/USDT,BTCUSDT,60041.48,,,,-0.0008827152855123202,,180124.44
binance-BTC/RUB,BTCRUB,3900027.0,,,,0.0,,11700081.0
gateio-BTC/USDT,BTC/USDT,60038.7,,,,0.00016655951337730198,,180116.09999999998
kucoin-BTC/USDT,BTC/USDT,60042.0,,,,0.0074953154278575886,,180126.0
binance-BTC/USDT,BTCUSDT,60029.99,,,,-0.01913677011293732,,180089.97
binance-BTC/RUB,BTCRUB,3900027.0,,,,0.0,,11700081.0
gateio-BTC/USDT,BTC/USDT,60030.2,,,,-0.014157535056555188,,180090.59999999998
kucoin-BTC/USDT,BTC/USDT,60030.0,,,,-0.0199860097931448,,180090.0
binance-BTC/USDT,BTCUSDT,59985.23,,,,-0.07456273106158232,,179955.69
binance-BTC/RUB,BTCRUB,3900027.0,,,,0.0,,11700081.0
gateio-BTC/USDT,BTC/USDT,59986.0,,,,-0.07362960643142467,,179958.0
kucoin-BTC/USDT,BTC/USDT,59978.6,,,,-0.08562385473929944,,179935.8
binance-BTC/USDT,BTCUSDT,59974.29,,,,-0.0182378228774022,,179922.87
binance-BTC/RUB,BTCRUB,3900027.0,,,,0.0,,11700081.0
gateio-BTC/USDT,BTC/USDT,59974.2,,,,-0.019671256626551045,,179922.59999999998
kucoin-BTC/USDT,BTC/USDT,59979.0,,,,0.0006669045292845368,,179937.0
binance-BTC/USDT,BTCUSDT,59984.69,,,,0.01734076385064576,,179954.07
binance-BTC/RUB,BTCRUB,3900027.0,,,,0.0,,11700081.0
gateio-BTC/USDT,BTC/USDT,59987.3,,,,0.021842725705396356,,179961.90000000002
kucoin-BTC/USDT,BTC/USDT,59978.9,,,,-0.00016672502042138884,,179936.7
binance-BTC/USDT,BTCUSDT,59980.01,,,,-0.007801990807988324,,179940.03
binance-BTC/RUB,BTCRUB,3900027.0,,,,0.0,,11700081.0
gateio-BTC/USDT,BTC/USDT,59983.3,,,,-0.006668078076526198,,179949.90000000002
kucoin-BTC/USDT,BTC/USDT,59977.5,,,,-0.0023341541775548655,,179932.5
binance-BTC/USDT,BTCUSDT,59961.11,,,,-0.031510498247668606,,179883.33000000002
binance-BTC/RUB,BTCRUB,3900027.0,,,,0.0,,11700081.0
gateio-BTC/USDT,BTC/USDT,59969.0,,,,-0.02383996879131843,,179907.0
kucoin-BTC/USDT,BTC/USDT,59956.5,,,,-0.035013129923721395,,179869.5
binance-BTC/USDT,BTCUSDT,59851.1,,,,-0.18346891843730384,,179553.3
binance-BTC/RUB,BTCRUB,3900027.0,,,,0.0,,11700081.0
gateio-BTC/USDT,BTC/USDT,59855.2,,,,-0.18976471176775153,,179565.59999999998
kucoin-BTC/USDT,BTC/USDT,59847.5,,,,-0.18179847055782108,,179542.5
binance-BTC/USDT,BTCUSDT,59854.09,,,,0.0049957310726084616,,179562.27
binance-BTC/RUB,BTCRUB,3900027.0,,,,0.0,,11700081.0
gateio-BTC/USDT,BTC/USDT,59858.0,,,,0.004677956134141913,,179574.0
kucoin-BTC/USDT,BTC/USDT,59851.6,,,,0.006850745645179071,,179554.8
binance-BTC/USDT,BTCUSDT,59824.07,,,,-0.05015530267020483,,179472.21
binance-BTC/RUB,BTCRUB,3900027.0,,,,0.0,,11700081.0
gateio-BTC/USDT,BTC/USDT,59834.0,,,,-0.040094891242607504,,179502.0
kucoin-BTC/USDT,BTC/USDT,59826.0,,,,-0.04277245721083237,,179478.0
binance-BTC/USDT,BTCUSDT,59848.0,,,,0.040000621823290006,,179544.0
binance-BTC/RUB,BTCRUB,3900027.0,,,,0.0,,11700081.0
gateio-BTC/USDT,BTC/USDT,59845.4,,,,0.01905271250459848,,179536.2
kucoin-BTC/USDT,BTC/USDT,59848.5,,,,0.03760906629224752,,179545.5
binance-BTC/USDT,BTCUSDT,59841.1,,,,-0.011529207325226332,,179523.3
binance-BTC/RUB,BTCRUB,3900027.0,,,,0.0,,11700081.0
gateio-BTC/USDT,BTC/USDT,59843.0,,,,-0.0040103332921184506,,179529.0
kucoin-BTC/USDT,BTC/USDT,59838.2,,,,-0.017210122225290378,,179514.59999999998
binance-BTC/USDT,BTCUSDT,59872.1,,,,0.051803860557376125,,179616.3
binance-BTC/RUB,BTCRUB,3900027.0,,,,0.0,,11700081.0
gateio-BTC/USDT,BTC/USDT,59873.5,,,,0.05096669618835954,,179620.5
kucoin-BTC/USDT,BTC/USDT,59871.5,,,,0.05565006968792997,,179614.5
binance-BTC/USDT,BTCUSDT,59882.93,,,,0.018088558777797584,,179648.79
binance-BTC/RUB,BTCRUB,3900027.0,,,,0.0,,11700081.0
gateio-BTC/USDT,BTC/USDT,59883.8,,,,0.017202936190473098,,179651.40000000002
kucoin-BTC/USDT,BTC/USDT,59885.3,,,,0.023049364054688642,,179655.90000000002
binance-BTC/USDT,BTCUSDT,59889.99,,,,0.011789670278320835,,179669.97
binance-BTC/RUB,BTCRUB,3900027.0,,,,0.0,,11700081.0
gateio-BTC/USDT,BTC/USDT,59887.4,,,,0.006011642547731681,,179662.2
kucoin-BTC/USDT,BTC/USDT,59890.5,,,,0.008683266177170506,,179671.5
binance-BTC/USDT,BTCUSDT,59841.99,,,,-0.08014694943178317,,179525.97
binance-BTC/RUB,BTCRUB,3900027.0,,,,0.0,,11700081.0
gateio-BTC/USDT,BTC/USDT,59844.7,,,,-0.0713004738893396,,179534.09999999998
kucoin-BTC/USDT,BTC/USDT,59838.1,,,,-0.08749300807306912,,179514.3
binance-BTC/USDT,BTCUSDT,59846.01,,,,0.006717691039358944,,179538.03
binance-BTC/RUB,BTCRUB,3900027.0,,,,0.0,,11700081.0
gateio-BTC/USDT,BTC/USDT,59852.2,,,,0.012532438127352965,,179556.59999999998
kucoin-BTC/USDT,BTC/USDT,59840.0,,,,0.0031752345077825923,,179520.0
binance-BTC/USDT,BTCUSDT,59866.0,,,,0.03340239391063491,,179598.0
binance-BTC/RUB,BTCRUB,3900027.0,,,,0.0,,11700081.0
gateio-BTC/USDT,BTC/USDT,59868.2,,,,0.026732517768770406,,179604.59999999998
kucoin-BTC/USDT,BTC/USDT,59865.1,,,,0.041945187165772974,,179595.3
binance-BTC/USDT,BTCUSDT,59887.95,,,,0.03666521898907074,,179663.84999999998
binance-BTC/RUB,BTCRUB,3900027.0,,,,0.0,,11700081.0
gateio-BTC/USDT,BTC/USDT,59889.6,,,,0.03574518692728603,,179668.8
kucoin-BTC/USDT,BTC/USDT,59894.0,,,,0.048275205420188816,,179682.0
binance-BTC/USDT,BTCUSDT,59892.0,,,,0.006762629210054628,,179676.0
binance-BTC/RUB,BTCRUB,3900027.0,,,,0.0,,11700081.0
gateio-BTC/USDT,BTC/USDT,59891.5,,,,0.0031725040741655565,,179674.5
kucoin-BTC/USDT,BTC/USDT,59892.9,,,,-0.0018365779543836522,,179678.7
binance-BTC/USDT,BTCUSDT,59886.01,,,,-0.010001335737657721,,179658.03
binance-BTC/RUB,BTCRUB,3900027.0,,,,0.0,,11700081.0
gateio-BTC/USDT,BTC/USDT,59892.3,,,,0.0013357488124406808,,179676.90000000002
kucoin-BTC/USDT,BTC/USDT,59889.4,,,,-0.005843764452881727,,179668.2
binance-BTC/USDT,BTCUSDT,59884.03,,,,-0.0033062813835872543,,179652.09
binance-BTC/RUB,BTCRUB,3900027.0,,,,0.0,,11700081.0
gateio-BTC/USDT,BTC/USDT,59888.1,,,,-0.007012587594739834,,179664.3
kucoin-BTC/USDT,BTC/USDT,59890.1,,,,0.001168821193728923,,179670.3
binance-BTC/USDT,BTCUSDT,59860.0,,,,-0.040127559885329754,,179580.0
binance-BTC/RUB,BTCRUB,3900027.0,,,,0.0,,11700081.0
gateio-BTC/USDT,BTC/USDT,59862.7,,,,-0.042412432519985534,,179588.09999999998
kucoin-BTC/USDT,BTC/USDT,59863.6,,,,-0.04424771372898025,,179590.8
binance-BTC/USDT,BTCUSDT,59848.01,,,,-0.020030070163711933,,179544.03
binance-BTC/RUB,BTCRUB,3900027.0,,,,0.0,,11700081.0
gateio-BTC/USDT,BTC/USDT,59848.0,,,,-0.024556192754414837,,179544.0
kucoin-BTC/USDT,BTC/USDT,59847.2,,,,-0.027395612692857525,,179541.59999999998
binance-BTC/USDT,BTCUSDT,59857.99,,,,0.016675575344937826,,179573.97
binance-BTC/RUB,BTCRUB,3900027.0,,,,0.0,,11700081.0
gateio-BTC/USDT,BTC/USDT,59856.4,,,,0.014035556743753267,,179569.2
kucoin-BTC/USDT,BTC/USDT,59855.7,,,,0.014202836557098746,,179567.09999999998
binance-BTC/USDT,BTCUSDT,59858.86,,,,0.0014534400503635678,,179576.58000000002
binance-BTC/RUB,BTCRUB,3900027.0,,,,0.0,,11700081.0
gateio-BTC/USDT,BTC/USDT,59858.1,,,,0.0028401307128345333,,179574.3
kucoin-BTC/USDT,BTC/USDT,59862.1,,,,0.010692381845006333,,179586.3
binance-BTC/USDT,BTCUSDT,59846.01,,,,-0.021467164593509707,,179538.03
binance-BTC/RUB,BTCRUB,3900027.0,,,,0.0,,11700081.0
gateio-BTC/USDT,BTC/USDT,59849.0,,,,-0.015202620865009989,,179547.0
kucoin-BTC/USDT,BTC/USDT,59850.3,,,,-0.019711971347473,,179550.90000000002
binance-BTC/USDT,BTCUSDT,59846.01,,,,0.0,,179538.03
binance-BTC/RUB,BTCRUB,3900027.0,,,,0.0,,11700081.0
gateio-BTC/USDT,BTC/USDT,59848.4,,,,-0.0010025230162551502,,179545.2
kucoin-BTC/USDT,BTC/USDT,59850.3,,,,0.0,,179550.90000000002
binance-BTC/USDT,BTCUSDT,59832.23,,,,-0.023025762285570642,,179496.69
binance-BTC/RUB,BTCRUB,3900027.0,,,,0.0,,11700081.0
gateio-BTC/USDT,BTC/USDT,59832.2,,,,-0.027068392805830004,,179496.59999999998
kucoin-BTC/USDT,BTC/USDT,59834.3,,,,-0.026733366415874274,,179502.90000000002
binance-BTC/USDT,BTCUSDT,59837.5,,,,0.008807961862689721,,179512.5
binance-BTC/RUB,BTCRUB,3900027.0,,,,0.0,,11700081.0
gateio-BTC/USDT,BTC/USDT,59838.2,,,,0.010028045099461494,,179514.59999999998
kucoin-BTC/USDT,BTC/USDT,59842.5,,,,0.013704513966064763,,179527.5
binance-BTC/USDT,BTCUSDT,59825.7,,,,-0.01972007520368149,,179477.09999999998
binance-BTC/RUB,BTCRUB,3900027.0,,,,0.0,,11700081.0
gateio-BTC/USDT,BTC/USDT,59824.8,,,,-0.022393721736272448,,179474.40000000002
kucoin-BTC/USDT,BTC/USDT,59825.9,,,,-0.027739482809037968,,179477.7
binance-BTC/USDT,BTCUSDT,59818.48,,,,-0.012068392012118352,,179455.44
binance-BTC/RUB,BTCRUB,3900027.0,,,,0.0,,11700081.0
gateio-BTC/USDT,BTC/USDT,59819.0,,,,-0.009694975996581534,,179457.0
kucoin-BTC/USDT,BTC/USDT,59823.0,,,,-0.00484739886905413,,179469.0
binance-BTC/USDT,BTCUSDT,59859.89,,,,0.06922609869056555,,179579.66999999998
binance-BTC/RUB,BTCRUB,3900027.0,,,,0.0,,11700081.0
gateio-BTC/USDT,BTC/USDT,59861.0,,,,0.07021180561360103,,179583.0
kucoin-BTC/USDT,BTC/USDT,59860.5,,,,0.06268492051552078,,179581.5
binance-BTC/USDT,BTCUSDT,59869.74,,,,0.016455092049114266,,179609.22
binance-BTC/RUB,BTCRUB,3900027.0,,,,0.0,,11700081.0
gateio-BTC/USDT,BTC/USDT,59871.2,,,,0.017039474783242997,,179613.59999999998
kucoin-BTC/USDT,BTC/USDT,59874.4,,,,0.023220654688820598,,179623.2
binance-BTC/USDT,BTCUSDT,59856.0,,,,-0.02294982406804834,,179568.0
binance-BTC/RUB,BTCRUB,3900027.0,,,,0.0,,11700081.0
gateio-BTC/USDT,BTC/USDT,59859.4,,,,-0.019708975266899003,,179578.2
kucoin-BTC/USDT,BTC/USDT,59856.0,,,,-0.030730996886818834,,179568.0
binance-BTC/USDT,BTCUSDT,59876.85,,,,0.03483360064153727,,179630.55
binance-BTC/RUB,BTCRUB,3900027.0,,,,0.0,,11700081.0
gateio-BTC/USDT,BTC/USDT,59879.7,,,,0.0339128023334608,,179639.09999999998
kucoin-BTC/USDT,BTC/USDT,59874.0,,,,0.030072173215717722,,179622.0
binance-BTC/USDT,BTCUSDT,59872.09,,,,-0.007949649989941084,,179616.27
binance-BTC/RUB,BTCRUB,3900027.0,,,,0.0,,11700081.0
gateio-BTC/USDT,BTC/USDT,59878.6,,,,-0.001837016551516699,,179635.8
kucoin-BTC/USDT,BTC/USDT,59875.4,,,,0.002338243644990238,,179626.2
binance-BTC/USDT,BTCUSDT,59856.0,,,,-0.02687395746498328,,179568.0
binance-BTC/RUB,BTCRUB,3900027.0,,,,0.0,,11700081.0
gateio-BTC/USDT,BTC/USDT,59859.8,,,,-0.03139685964600982,,179579.40000000002
kucoin-BTC/USDT,BTC/USDT,59857.6,,,,-0.029728402649506994,,179572.8
binance-BTC/USDT,BTCUSDT,59869.72,,,,0.0229216786955379,,179609.16
binance-BTC/RUB,BTCRUB,3900027.0,,,,0.0,,11700081.0
gateio-BTC/USDT,BTC/USDT,59870.6,,,,0.01804215851037864,,179611.8
kucoin-BTC/USDT,BTC/USDT,59873.7,,,,0.026897169281759618,,179621.09999999998
binance-BTC/USDT,BTCUSDT,59881.1,,,,0.01900793923872933,,179643.3
binance-BTC/RUB,BTCRUB,3900027.0,,,,0.0,,11700081.0
gateio-BTC/USDT,BTC/USDT,59883.3,,,,0.021212414774537697,,179649.90000000002
kucoin-BTC/USDT,BTC/USDT,59888.0,,,,0.02388360832887046,,179664.0
binance-BTC/USDT,BTCUSDT,59874.01,,,,-0.011840129857328118,,179622.03
binance-BTC/RUB,BTCRUB,3900027.0,,,,0.0,,11700081.0
gateio-BTC/USDT,BTC/USDT,59879.1,,,,-0.0070136415327885495,,179637.3
kucoin-BTC/USDT,BTC/USDT,59881.6,,,,-0.010686615014696525,,179644.8
binance-BTC/USDT,BTCUSDT,59856.02,,,,-0.030046425819826063,,179568.06
binance-BTC/RUB,BTCRUB,3900027.0,,,,0.0,,11700081.0
gateio-BTC/USDT,BTC/USDT,59859.6,,,,-0.03256561972374334,,179578.8
kucoin-BTC/USDT,BTC/USDT,59859.1,,,,-0.03757414631539571,,179577.3
binance-BTC/USDT,BTCUSDT,59845.0,,,,-0.01841084656145998,,179535.0
binance-BTC/RUB,BTCRUB,3900027.0,,,,0.0,,11700081.0
gateio-BTC/USDT,BTC/USDT,59849.0,,,,-0.01770810362915647,,179547.0
kucoin-BTC/USDT,BTC/USDT,59848.6,,,,-0.017541192567212004,,179545.8
binance-BTC/USDT,BTCUSDT,59888.0,,,,0.07185228506976356,,179664.0
binance-BTC/RUB,BTCRUB,3900027.0,,,,0.0,,11700081.0
gateio-BTC/USDT,BTC/USDT,59886.8,,,,0.0631589500242325,,179660.40000000002
kucoin-BTC/USDT,BTC/USDT,59887.9,,,,0.06566569644069019,,179663.7
binance-BTC/USDT,BTCUSDT,59897.99,,,,0.016681138124495665,,179693.97
binance-BTC/RUB,BTCRUB,3900027.0,,,,0.0,,11700081.0
gateio-BTC/USDT,BTC/USDT,59900.0,,,,0.02204158512392896,,179700.0
kucoin-BTC/USDT,BTC/USDT,59902.5,,,,0.02437888120972441,,179707.5
binance-BTC/USDT,BTCUSDT,59858.01,,,,-0.06674681404166638,,179574.03
binance-BTC/RUB,BTCRUB,3900027.0,,,,0.0,,11700081.0
gateio-BTC/USDT,BTC/USDT,59854.1,,,,-0.07662771285476036,,179562.3
kucoin-BTC/USDT,BTC/USDT,59856.1,,,,-0.07745920454071442,,179568.3
binance-BTC/USDT,BTCUSDT,59801.07,,,,-0.09512511358129401,,179403.21
binance-BTC/RUB,BTCRUB,3900027.0,,,,0.0,,11700081.0
gateio-BTC/USDT,BTC/USDT,59795.3,,,,-0.09823888422012131,,179385.90000000002
kucoin-BTC/USDT,BTC/USDT,59799.0,,,,-0.09539545677048546,,179397.0
binance-BTC/USDT,BTCUSDT,59784.01,,,,-0.02852791764427906,,179352.03
binance-BTC/RUB,BTCRUB,3900027.0,,,,0.0,,11700081.0
gateio-BTC/USDT,BTC/USDT,59783.6,,,,-0.01956675524665712,,179350.8
kucoin-BTC/USDT,BTC/USDT,59783.0,,,,-0.026756300272579813,,179349.0
binance-BTC/USDT,BTCUSDT,59757.01,,,,-0.045162577752813834,,179271.03
binance-BTC/RUB,BTCRUB,3900027.0,,,,0.0,,11700081.0
gateio-BTC/USDT,BTC/USDT,59756.6,,,,-0.04516288748084759,,179269.8
kucoin-BTC/USDT,BTC/USDT,59764.4,,,,-0.031112523627115644,,179293.2
binance-BTC/USDT,BTCUSDT,59774.0,,,,0.028431810761612678,,179322.0
binance-BTC/RUB,BTCRUB,3900027.0,,,,0.0,,11700081.0
gateio-BTC/USDT,BTC/USDT,59780.0,,,,0.03915885441943058,,179340.0
kucoin-BTC/USDT,BTC/USDT,59779.3,,,,0.024931229962990433,,179337.90000000002
binance-BTC/USDT,BTCUSDT,59775.87,,,,0.003128450496875931,,179327.61000000002
binance-BTC/RUB,BTCRUB,3900027.0,,,,0.0,,11700081.0
gateio-BTC/USDT,BTC/USDT,59775.2,,,,-0.008029441284715473,,179325.59999999998
kucoin-BTC/USDT,BTC/USDT,59777.9,,,,-0.002341947797986017,,179333.7
binance-BTC/USDT,BTCUSDT,59783.1,,,,0.012095181550675758,,179349.3
binance-BTC/RUB,BTCRUB,3900027.0,,,,0.0,,11700081.0
gateio-BTC/USDT,BTC/USDT,59785.8,,,,0.01773310670646994,,179357.40000000002
kucoin-BTC/USDT,BTC/USDT,59785.4,,,,0.012546442748908877,,179356.2
binance-BTC/USDT,BTCUSDT,59810.0,,,,0.04499599385110751,,179430.0
binance-BTC/RUB,BTCRUB,3900027.0,,,,0.0,,11700081.0
gateio-BTC/USDT,BTC/USDT,59812.5,,,,0.04465943418001781,,179437.5
kucoin-BTC/USDT,BTC/USDT,59818.8,,,,0.05586648245223993,,179456.40000000002
binance-BTC/USDT,BTCUSDT,59892.08,,,,0.13723457615783605,,179676.24
binance-BTC/RUB,BTCRUB,3900027.0,,,,0.0,,11700081.0
gateio-BTC/USDT,BTC/USDT,59894.5,,,,0.13709508881922675,,179683.5
kucoin-BTC/USDT,BTC/USDT,59899.4,,,,0.1347402488849635,,179698.2
binance-BTC/USDT,BTCUSDT,59878.01,,,,-0.02349225473551713,,179634.03
binance-BTC/RUB,BTCRUB,3900027.0,,,,0.0,,11700081.0
gateio-BTC/USDT,BTC/USDT,59880.2,,,,-0.023875314093953385,,179640.59999999998
kucoin-BTC/USDT,BTC/USDT,59881.5,,,,-0.029883437897543972,,179644.5
binance-BTC/USDT,BTCUSDT,59870.0,,,,-0.013377198073219262,,179610.0
binance-BTC/RUB,BTCRUB,3900027.0,,,,0.0,,11700081.0
gateio-BTC/USDT,BTC/USDT,59870.9,,,,-0.015531010250459477,,179612.7
kucoin-BTC/USDT,BTC/USDT,59870.5,,,,-0.018369613319639624,,179611.5
binance-BTC/USDT,BTCUSDT,59902.32,,,,0.05398363120093487,,179706.96
binance-BTC/RUB,BTCRUB,3900027.0,,,,0.0,,11700081.0
gateio-BTC/USDT,BTC/USDT,59899.4,,,,0.047602424550157084,,179698.2
kucoin-BTC/USDT,BTC/USDT,59906.0,,,,0.05929464427389115,,179718.0
binance-BTC/USDT,BTCUSDT,59906.0,,,,0.006143334682196434,,179718.0
binance-BTC/RUB,BTCRUB,3900027.0,,,,0.0,,11700081.0
gateio-BTC/USDT,BTC/USDT,59908.4,,,,0.01502519223898737,,179725.2
kucoin-BTC/USDT,BTC/USDT,59905.5,,,,-0.000834640937468701,,179716.5
binance-BTC/USDT,BTCUSDT,59902.32,,,,-0.006142957299770125,,179706.96
binance-BTC/RUB,BTCRUB,3900027.0,,,,0.0,,11700081.0
gateio-BTC/USDT,BTC/USDT,59904.2,,,,-0.007010703006597347,,179712.59999999998
kucoin-BTC/USDT,BTC/USDT,59903.9,,,,-0.0026708732920992977,,179711.7
binance-BTC/USDT,BTCUSDT,59862.0,,,,-0.06730957999623338,,179586.0
binance-BTC/RUB,BTCRUB,3900027.0,,,,0.0,,11700081.0
gateio-BTC/USDT,BTC/USDT,59865.9,,,,-0.06393541688228144,,179597.7
kucoin-BTC/USDT,BTC/USDT,59860.7,,,,-0.07211550500051643,,179582.09999999998
binance-BTC/USDT,BTCUSDT,59562.01,,,,-0.501135946009151,,178686.03
binance-BTC/RUB,BTCRUB,3900027.0,,,,0.0,,11700081.0
gateio-BTC/USDT,BTC/USDT,59565.2,,,,-0.5022892832146587,,178695.59999999998
kucoin-BTC/USDT,BTC/USDT,59566.5,,,,-0.4914743730026497,,178699.5
binance-BTC/USDT,BTCUSDT,59631.36,,,,0.11643327684878087,,178894.08000000002
binance-BTC/RUB,BTCRUB,3900027.0,,,,0.0,,11700081.0
gateio-BTC/USDT,BTC/USDT,59634.2,,,,0.11583944988013135,,178902.59999999998
kucoin-BTC/USDT,BTC/USDT,59635.4,,,,0.11566904216296317,,178906.2
binance-BTC/USDT,BTCUSDT,59629.99,,,,-0.0022974488591281823,,178889.97
binance-BTC/RUB,BTCRUB,3900027.0,,,,0.0,,11700081.0
gateio-BTC/USDT,BTC/USDT,59629.8,,,,-0.007378316469398734,,178889.40000000002
kucoin-BTC/USDT,BTC/USDT,59635.5,,,,0.00016768563638131848,,178906.5
binance-BTC/USDT,BTCUSDT,59590.0,,,,-0.06706356985804955,,178770.0
binance-BTC/RUB,BTCRUB,3900027.0,,,,0.0,,11700081.0
gateio-BTC/USDT,BTC/USDT,59574.0,,,,-0.09357737238763657,,178722.0
kucoin-BTC/USDT,BTC/USDT,59607.7,,,,-0.046616528745466894,,178823.09999999998
binance-BTC/USDT,BTCUSDT,59595.03,,,,0.00844101359288276,,178785.09
binance-BTC/RUB,BTCRUB,3900027.0,,,,0.0,,11700081.0
gateio-BTC/USDT,BTC/USDT,59595.4,,,,0.03592171081344454,,178786.2
kucoin-BTC/USDT,BTC/USDT,59598.0,,,,-0.016273065392553465,,178794.0
binance-BTC/USDT,BTCUSDT,59556.41,,,,-0.06480406168097463,,178669.23
binance-BTC/RUB,BTCRUB,3900027.0,,,,0.0,,11700081.0
gateio-BTC/USDT,BTC/USDT,59558.7,,,,-0.06158193417613501,,178676.09999999998
kucoin-BTC/USDT,BTC/USDT,59562.5,,,,-0.05956575724017585,,178687.5
binance-BTC/USDT,BTCUSDT,59576.89,,,,0.03438756634255813,,178730.66999999998
binance-BTC/RUB,BTCRUB,3900027.0,,,,0.0,,11700081.0
gateio-BTC/USDT,BTC/USDT,59579.1,,,,0.03425192289287956,,178737.3
kucoin-BTC/USDT,BTC/USDT,59561.8,,,,-0.0011752360965323644,,178685.40000000002
binance-BTC/USDT,BTCUSDT,59550.01,,,,-0.04511816578542012,,178650.03
binance-BTC/RUB,BTCRUB,3900027.0,,,,0.0,,11700081.0
gateio-BTC/USDT,BTC/USDT,59553.8,,,,-0.042464555523657854,,178661.40000000002
kucoin-BTC/USDT,BTC/USDT,59552.3,,,,-0.015949820186763997,,178656.90000000002
binance-BTC/USDT,BTCUSDT,59558.24,,,,0.013820316738814863,,178674.72
binance-BTC/RUB,BTCRUB,3900027.0,,,,0.0,,11700081.0
gateio-BTC/USDT,BTC/USDT,59564.0,,,,0.017127370545619407,,178692.0
kucoin-BTC/USDT,BTC/USDT,59564.9,,,,0.021157872995666908,,178694.7
binance-BTC/USDT,BTCUSDT,59681.99,,,,0.20777981350691357,,179045.97
binance-BTC/RUB,BTCRUB,3900027.0,,,,0.0,,11700081.0
gateio-BTC/USDT,BTC/USDT,59675.0,,,,0.18635417366194346,,179025.0
kucoin-BTC/USDT,BTC/USDT,59686.6,,,,0.2043149572986727,,179059.8
binance-BTC/USDT,BTCUSDT,59647.71,,,,-0.057437763050459334,,178943.13
binance-BTC/RUB,BTCRUB,3900027.0,,,,0.0,,11700081.0
gateio-BTC/USDT,BTC/USDT,59652.2,,,,-0.03820695433599147,,178956.59999999998
kucoin-BTC/USDT,BTC/USDT,59653.6,,,,-0.0552887917891118,,178960.8
binance-BTC/USDT,BTCUSDT,59624.8,,,,-0.038408850901394564,,178874.40000000002
binance-BTC/RUB,BTCRUB,3900027.0,,,,0.0,,11700081.0
gateio-BTC/USDT,BTC/USDT,59631.2,,,,-0.03520406623728882,,178893.59999999998
kucoin-BTC/USDT,BTC/USDT,59632.5,,,,-0.035370874515533925,,178897.5
binance-BTC/USDT,BTCUSDT,59616.0,,,,-0.0147589593591977,,178848.0
binance-BTC/RUB,BTCRUB,3900027.0,,,,0.0,,11700081.0
gateio-BTC/USDT,BTC/USDT,59606.6,,,,-0.04125357195561811,,178819.8
kucoin-BTC/USDT,BTC/USDT,59627.9,,,,-0.007713914392317184,,178883.7
binance-BTC/USDT,BTCUSDT,59613.99,,,,-0.003371578099842387,,178841.97
binance-BTC/RUB,BTCRUB,3900027.0,,,,0.0,,11700081.0
gateio-BTC/USDT,BTC/USDT,59610.3,,,,0.006207366298370256,,178830.90000000002
kucoin-BTC/USDT,BTC/USDT,59614.6,,,,-0.022304994809481653,,178843.8
binance-BTC/USDT,BTCUSDT,59615.99,,,,0.0033549171930951113,,178847.97
binance-BTC/RUB,BTCRUB,3900027.0,,,,0.0,,11700081.0
gateio-BTC/USDT,BTC/USDT,59619.6,,,,0.015601330642515863,,178858.8
kucoin-BTC/USDT,BTC/USDT,59620.5,,,,0.009896904449583584,,178861.5
binance-BTC/USDT,BTCUSDT,59615.99,,,,0.0,,178847.97
binance-BTC/RUB,BTCRUB,3900027.0,,,,0.0,,11700081.0
gateio-BTC/USDT,BTC/USDT,59619.7,,,,0.00016773007534190906,,178859.09999999998
kucoin-BTC/USDT,BTC/USDT,59622.0,,,,0.002515913150678039,,178866.0
binance-BTC/USDT,BTCUSDT,59595.13,,,,-0.03499061241791101,,178785.38999999998
binance-BTC/RUB,BTCRUB,3900027.0,,,,0.0,,11700081.0
gateio-BTC/USDT,BTC/USDT,59601.8,,,,-0.030023633127966392,,178805.40000000002
kucoin-BTC/USDT,BTC/USDT,59601.0,,,,-0.03522189795712992,,178803.0
binance-BTC/USDT,BTCUSDT,59554.01,,,,-0.06899892659013471,,178662.03
binance-BTC/RUB,BTCRUB,3900027.0,,,,0.0,,11700081.0
gateio-BTC/USDT,BTC/USDT,59553.5,,,,-0.08103782100541075,,178660.5
kucoin-BTC/USDT,BTC/USDT,59559.2,,,,-0.07013305145887302,,178677.59999999998
binance-BTC/USDT,BTCUSDT,59540.37,,,,-0.022903579456697236,,178621.11000000002
binance-BTC/RUB,BTCRUB,3900027.0,,,,0.0,,11700081.0
gateio-BTC/USDT,BTC/USDT,59544.6,,,,-0.014944545660626923,,178633.8
kucoin-BTC/USDT,BTC/USDT,59533.4,,,,-0.04331824470442121,,178600.2
binance-BTC/USDT,BTCUSDT,59538.01,,,,-0.003963697236010763,,178614.03
binance-BTC/RUB,BTCRUB,3900027.0,,,,0.0,,11700081.0
gateio-BTC/USDT,BTC/USDT,59540.0,,,,-0.007725301706617469,,178620.0
kucoin-BTC/USDT,BTC/USDT,59538.8,,,,0.00907053855483049,,178616.40000000002
binance-BTC/USDT,BTCUSDT,59499.64,,,,-0.06444622519295257,,178498.91999999998
binance-BTC/RUB,BTCRUB,3900027.0,,,,0.0,,11700081.0
gateio-BTC/USDT,BTC/USDT,59496.9,,,,-0.07238831037957431,,178490.7
kucoin-BTC/USDT,BTC/USDT,59499.0,,,,-0.06684716520991843,,178497.0
binance-BTC/USDT,BTCUSDT,59573.19,,,,0.12361419329596432,,178719.57
binance-BTC/RUB,BTCRUB,3900027.0,,,,0.0,,11700081.0
gateio-BTC/USDT,BTC/USDT,59573.5,,,,0.12874620358371366,,178720.5
kucoin-BTC/USDT,BTC/USDT,59573.4,,,,0.1250441183885468,,178720.2
binance-BTC/USDT,BTCUSDT,59545.01,,,,-0.047303157678815405,,178635.03
binance-BTC/RUB,BTCRUB,3900027.0,,,,0.0,,11700081.0
gateio-BTC/USDT,BTC/USDT,59547.4,,,,-0.043811426221387936,,178642.2
kucoin-BTC/USDT,BTC/USDT,59545.5,,,,-0.04683298250561736,,178636.5
binance-BTC/USDT,BTCUSDT,59604.0,,,,0.09906791517878319,,178812.0
binance-BTC/RUB,BTCRUB,3900027.0,,,,0.0,,11700081.0
gateio-BTC/USDT,BTC/USDT,59611.0,,,,0.10680567077655538,,178833.0
kucoin-BTC/USDT,BTC/USDT,59607.7,,,,0.1044579355282886,,178823.09999999998
binance-BTC/USDT,BTCUSDT,59609.77,,,,0.0096805583517831,,178829.31
binance-BTC/RUB,BTCRUB,3900027.0,,,,0.0,,11700081.0
gateio-BTC/USDT,BTC/USDT,59606.5,,,,-0.007548942309305329,,178819.5
kucoin-BTC/USDT,BTC/USDT,59610.9,,,,0.005368433943944097,,178832.7
binance-BTC/USDT,BTCUSDT,59609.78,,,,1.6775773504976227e-05,,178829.34
binance-BTC/RUB,BTCRUB,3900027.0,,,,0.0,,11700081.0
gateio-BTC/USDT,BTC/USDT,59607.8,,,,0.002180970196208317,,178823.40000000002
kucoin-BTC/USDT,BTC/USDT,59613.4,,,,0.004193863873888835,,178840.2
binance-BTC/USDT,BTCUSDT,59609.99,,,,0.00035229118443169373,,178829.97
binance-BTC/RUB,BTCRUB,3900027.0,,,,0.0,,11700081.0
gateio-BTC/USDT,BTC/USDT,59608.3,,,,0.0008388163965118658,,178824.90000000002
binance-BTC/USDT,BTCUSDT,57942.23,,,2024-09-16 22:10:49.632384+03:00,-2.7977860757903077,,173826.69
binance-BTC/RUB,BTCRUB,3900027.0,,,2024-09-16 22:10:49.644785+03:00,0.0,,11700081.0
gateio-BTC/USDT,BTC/USDT,57944.0,,,2024-09-16 22:10:49.651812+03:00,-2.792060837165299,,173832.0
kucoin-BTC/USDT,BTC/USDT,57942.5,,,2024-09-16 22:10:49.659892+03:00,-2.8028933092224255,,173827.5
binance-BTC/USDT,BTCUSDT,57955.99,,,2024-09-16 22:11:49.085266+03:00,0.02374779155029891,,173867.97
binance-BTC/RUB,BTCRUB,3900027.0,,,2024-09-16 22:11:49.089923+03:00,0.0,,11700081.0
gateio-BTC/USDT,BTC/USDT,57956.1,,,2024-09-16 22:11:49.097312+03:00,0.020882231119699272,,173868.3
kucoin-BTC/USDT,BTC/USDT,57956.9,,,2024-09-16 22:11:49.104568+03:00,0.02485222418777487,,173870.7
binance-BTC/USDT,BTCUSDT,57920.01,,,2024-09-16 22:12:48.834144+03:00,-0.062081589840836,,173760.03
binance-BTC/RUB,BTCRUB,3900027.0,,,2024-09-16 22:12:48.838460+03:00,0.0,,11700081.0
gateio-BTC/USDT,BTC/USDT,57921.9,,,2024-09-16 22:12:48.845423+03:00,-0.05901018184452904,,173765.7
kucoin-BTC/USDT,BTC/USDT,57915.0,,,2024-09-16 22:12:48.853122+03:00,-0.07229510204997412,,173745.0
binance-BTC/USDT,BTCUSDT,57842.0,,,2024-09-16 22:14:43.066496+03:00,-0.13468575022691126,,173526.0
binance-BTC/RUB,BTCRUB,3900027.0,,,2024-09-16 22:14:43.075913+03:00,0.0,,11700081.0
gateio-BTC/USDT,BTC/USDT,57841.3,,,2024-09-16 22:14:43.083385+03:00,-0.13915289381045606,,173523.90000000002
kucoin-BTC/USDT,BTC/USDT,57842.4,,,2024-09-16 22:14:43.090884+03:00,-0.12535612535612284,,173527.2
binance-BTC/USDT,BTCUSDT,57868.0,,,2024-09-16 22:15:42.942107+03:00,0.04495003630579856,,173604.0
binance-BTC/RUB,BTCRUB,3900027.0,,,2024-09-16 22:15:42.946653+03:00,0.0,,11700081.0
gateio-BTC/USDT,BTC/USDT,57860.5,,,2024-09-16 22:15:42.953356+03:00,0.033194274679160196,,173581.5
kucoin-BTC/USDT,BTC/USDT,57870.0,,,2024-09-16 22:15:42.961133+03:00,0.04771586241234552,,173610.0
binance-BTC/USDT,BTCUSDT,57852.0,,,2024-09-16 22:16:43.815807+03:00,-0.027649132508467546,,173556.0
binance-BTC/RUB,BTCRUB,3900027.0,,,2024-09-16 22:16:43.821703+03:00,0.0,,11700081.0
gateio-BTC/USDT,BTC/USDT,57854.1,,,2024-09-16 22:16:43.829183+03:00,-0.011061086578929416,,173562.3
kucoin-BTC/USDT,BTC/USDT,57856.6,,,2024-09-16 22:16:43.837262+03:00,-0.023155348194230957,,173569.8
binance-BTC/USDT,BTCUSDT,57807.99,,,2024-09-16 22:18:50.129288+03:00,-0.07607342874922568,,173423.97
binance-BTC/RUB,BTCRUB,3900027.0,,,2024-09-16 22:18:50.140726+03:00,0.0,,11700081.0
gateio-BTC/USDT,BTC/USDT,57808.4,,,2024-09-16 22:18:50.148066+03:00,-0.078991808704996,,173425.2
kucoin-BTC/USDT,BTC/USDT,57811.1,,,2024-09-16 22:18:50.155972+03:00,-0.07864271319088921,,173433.3
binance-BTC/USDT,BTCUSDT,57856.0,,,2024-09-16 22:19:49.666352+03:00,0.08305080318482279,,173568.0
binance-BTC/RUB,BTCRUB,3900027.0,,,2024-09-16 22:19:49.671392+03:00,0.0,,11700081.0
gateio-BTC/USDT,BTC/USDT,57858.8,,,2024-09-16 22:19:49.678249+03:00,0.08718456141322274,,173576.40000000002
kucoin-BTC/USDT,BTC/USDT,57861.0,,,2024-09-16 22:19:49.685909+03:00,0.0863156037508393,,173583.0
binance-BTC/USDT,BTCUSDT,57862.0,,,2024-09-16 22:20:49.724338+03:00,0.010370575221238939,,173586.0
binance-BTC/RUB,BTCRUB,3900027.0,,,2024-09-16 22:20:49.730455+03:00,0.0,,11700081.0
gateio-BTC/USDT,BTC/USDT,57861.9,,,2024-09-16 22:20:49.735102+03:00,0.005357871231339994,,173585.7
kucoin-BTC/USDT,BTC/USDT,57862.5,,,2024-09-16 22:20:49.739720+03:00,0.0025924197646082854,,173587.5
binance-BTC/USDT,BTCUSDT,57841.1,,,2024-09-16 22:21:50.579947+03:00,-0.036120424458196146,,173523.3
binance-BTC/RUB,BTCRUB,3900027.0,,,2024-09-16 22:21:50.584967+03:00,0.0,,11700081.0
gateio-BTC/USDT,BTC/USDT,57842.0,,,2024-09-16 22:21:50.593139+03:00,-0.03439223392249728,,173526.0
kucoin-BTC/USDT,BTC/USDT,57849.0,,,2024-09-16 22:21:50.600486+03:00,-0.023331173039533377,,173547.0
binance-BTC/USDT,BTCUSDT,57876.74,,,2024-09-16 22:22:50.066831+03:00,0.06161708542887223,,173630.22
binance-BTC/RUB,BTCRUB,3900027.0,,,2024-09-16 22:22:50.071835+03:00,0.0,,11700081.0
gateio-BTC/USDT,BTC/USDT,57880.4,,,2024-09-16 22:22:50.080148+03:00,0.06638774592856654,,173641.2
kucoin-BTC/USDT,BTC/USDT,57879.0,,,2024-09-16 22:22:50.087781+03:00,0.05185915054711404,,173637.0
binance-BTC/USDT,BTCUSDT,57952.11,,,2024-09-16 22:23:49.949443+03:00,0.1302250264959682,,173856.33000000002
binance-BTC/RUB,BTCRUB,3900027.0,,,2024-09-16 22:23:49.954280+03:00,0.0,,11700081.0
gateio-BTC/USDT,BTC/USDT,57955.3,,,2024-09-16 22:23:49.960898+03:00,0.12940477260005365,,173865.90000000002
kucoin-BTC/USDT,BTC/USDT,57955.5,,,2024-09-16 22:23:49.968718+03:00,0.1321722904680454,,173866.5
binance-BTC/USDT,BTCUSDT,57974.0,,,2024-09-16 22:26:01.611580+03:00,0.03777256772876677,,173922.0
binance-BTC/RUB,BTCRUB,3900027.0,,,2024-09-16 22:26:01.624135+03:00,0.0,,11700081.0
gateio-BTC/USDT,BTC/USDT,57976.5,,,2024-09-16 22:26:01.631787+03:00,0.03657991590069776,,173929.5
kucoin-BTC/USDT,BTC/USDT,57976.2,,,2024-09-16 22:26:01.640073+03:00,0.0357170587778504,,173928.59999999998
binance-BTC/USDT,BTCUSDT,57959.99,,,2024-09-16 22:27:54.602821+03:00,-0.0241660054507228,,173879.97
binance-BTC/RUB,BTCRUB,3900027.0,,,2024-09-16 22:27:54.608285+03:00,0.0,,11700081.0
gateio-BTC/USDT,BTC/USDT,57960.2,,,2024-09-16 22:27:54.616872+03:00,-0.028114839633304717,,173880.59999999998
kucoin-BTC/USDT,BTC/USDT,57955.5,,,2024-09-16 22:27:54.625198+03:00,-0.035704306249800935,,173866.5
binance-BTC/USDT,BTCUSDT,59410.94,,,2024-09-18 18:45:09.321398+03:00,2.503364821146457,,178232.82
binance-BTC/RUB,BTCRUB,3900027.0,,,2024-09-18 18:45:09.329794+03:00,0.0,,11700081.0
gateio-BTC/USDT,BTC/USDT,59407.9,,,2024-09-18 18:45:09.336706+03:00,2.497748454974283,,178223.7
kucoin-BTC/USDT,BTC/USDT,59409.0,,,2024-09-18 18:45:09.344459+03:00,2.5079586924450656,,178227.0
binance-BTC/USDT,BTCUSDT,59385.25,,,2024-09-18 18:46:08.835573+03:00,-0.0432411942985624,,178155.75
binance-BTC/RUB,BTCRUB,3900027.0,,,2024-09-18 18:46:08.840761+03:00,0.0,,11700081.0
gateio-BTC/USDT,BTC/USDT,59393.1,,,2024-09-18 18:46:08.847938+03:00,-0.024912511635662785,,178179.3
kucoin-BTC/USDT,BTC/USDT,59391.1,,,2024-09-18 18:46:08.854604+03:00,-0.03013011496574838,,178173.3
binance-BTC/USDT,BTCUSDT,59358.86,,,2024-09-18 18:47:08.765104+03:00,-0.04443864427614504,,178076.58000000002
binance-BTC/RUB,BTCRUB,3900027.0,,,2024-09-18 18:47:08.769881+03:00,0.0,,11700081.0
gateio-BTC/USDT,BTC/USDT,59369.2,,,2024-09-18 18:47:08.776376+03:00,-0.04024036462148205,,178107.59999999998
kucoin-BTC/USDT,BTC/USDT,59367.0,,,2024-09-18 18:47:08.783059+03:00,-0.04057847051157252,,178101.0
binance-BTC/USDT,BTCUSDT,59391.09,,,2024-09-18 18:48:08.901913+03:00,0.05429686486565935,,178173.27
binance-BTC/RUB,BTCRUB,3900027.0,,,2024-09-18 18:48:08.905921+03:00,0.0,,11700081.0
gateio-BTC/USDT,BTC/USDT,59397.6,,,2024-09-18 18:48:08.912253+03:00,0.047836251793861896,,178192.8
kucoin-BTC/USDT,BTC/USDT,59396.9,,,2024-09-18 18:48:08.919108+03:00,0.050364680714877715,,178190.7
binance-BTC/USDT,BTCUSDT,59441.02,,,2024-09-18 18:49:09.314539+03:00,0.08406984953466975,,178323.06
binance-BTC/RUB,BTCRUB,3900027.0,,,2024-09-18 18:49:09.318346+03:00,0.0,,11700081.0
gateio-BTC/USDT,BTC/USDT,59439.2,,,2024-09-18 18:49:09.324532+03:00,0.07003649979123491,,178317.59999999998
kucoin-BTC/USDT,BTC/USDT,59440.4,,,2024-09-18 18:49:09.331511+03:00,0.07323614532071539,,178321.2
binance-BTC/USDT,BTCUSDT,59484.48,,,2024-09-18 18:50:09.481589+03:00,0.07311449231525032,,178453.44
binance-BTC/RUB,BTCRUB,3900027.0,,,2024-09-18 18:50:09.485632+03:00,0.0,,11700081.0
gateio-BTC/USDT,BTC/USDT,59481.9,,,2024-09-18 18:50:09.492214+03:00,0.07183811356815765,,178445.7
kucoin-BTC/USDT,BTC/USDT,59485.5,,,2024-09-18 18:50:09.499144+03:00,0.07587432116876491,,178456.5
binance-BTC/USDT,BTCUSDT,59496.01,,,2024-09-18 18:51:09.285482+03:00,0.019383207182779163,,178488.03
binance-BTC/RUB,BTCRUB,3900027.0,,,2024-09-18 18:51:09.289481+03:00,0.0,,11700081.0
gateio-BTC/USDT,BTC/USDT,59515.8,,,2024-09-18 18:51:09.296638+03:00,0.05699212701679243,,178547.40000000002
kucoin-BTC/USDT,BTC/USDT,59503.4,,,2024-09-18 18:51:09.303846+03:00,0.030091366803677293,,178510.2
binance-BTC/USDT,BTCUSDT,59461.09,,,2024-09-18 18:52:09.299271+03:00,-0.058693011514562965,,178383.27
binance-BTC/RUB,BTCRUB,3900027.0,,,2024-09-18 18:52:09.306432+03:00,0.0,,11700081.0
gateio-BTC/USDT,BTC/USDT,59460.2,,,2024-09-18 18:52:09.315916+03:00,-0.0934205706719994,,178380.59999999998
kucoin-BTC/USDT,BTC/USDT,59463.0,,,2024-09-18 18:52:09.330323+03:00,-0.06789527993358607,,178389.0
binance-BTC/USDT,BTCUSDT,59484.01,,,2024-09-18 18:53:09.388477+03:00,0.038546215684921906,,178452.03
binance-BTC/RUB,BTCRUB,3900027.0,,,2024-09-18 18:53:09.394332+03:00,0.0,,11700081.0
gateio-BTC/USDT,BTC/USDT,59487.8,,,2024-09-18 18:53:09.401973+03:00,0.04641760370803634,,178463.40000000002
kucoin-BTC/USDT,BTC/USDT,59488.5,,,2024-09-18 18:53:09.410330+03:00,0.042883810100398566,,178465.5
binance-BTC/USDT,BTCUSDT,59490.66,,,2024-09-18 18:54:09.327554+03:00,0.011179474954700355,,178471.98
binance-BTC/RUB,BTCRUB,3900027.0,,,2024-09-18 18:54:09.331813+03:00,0.0,,11700081.0
gateio-BTC/USDT,BTC/USDT,59490.7,,,2024-09-18 18:54:09.335254+03:00,0.004874949149227537,,178472.09999999998
kucoin-BTC/USDT,BTC/USDT,59487.0,,,2024-09-18 18:54:09.339027+03:00,-0.002521495751279659,,178461.0
binance-BTC/USDT,BTCUSDT,59454.0,,,2024-09-18 18:55:10.317421+03:00,-0.061623118654261844,,178362.0
binance-BTC/RUB,BTCRUB,3900027.0,,,2024-09-18 18:55:10.322942+03:00,0.0,,11700081.0
gateio-BTC/USDT,BTC/USDT,59453.6,,,2024-09-18 18:55:10.330116+03:00,-0.062362688621916615,,178360.8
kucoin-BTC/USDT,BTC/USDT,59455.5,,,2024-09-18 18:55:10.337110+03:00,-0.052952745978112864,,178366.5
binance-BTC/USDT,BTCUSDT,59480.0,,,2024-09-18 18:56:09.593576+03:00,0.04373128805463047,,178440.0
binance-BTC/RUB,BTCRUB,3900027.0,,,2024-09-18 18:56:09.597922+03:00,0.0,,11700081.0
gateio-BTC/USDT,BTC/USDT,59489.6,,,2024-09-18 18:56:09.604305+03:00,0.06055142161282076,,178468.8
kucoin-BTC/USDT,BTC/USDT,59488.4,,,2024-09-18 18:56:09.611759+03:00,0.05533550302327195,,178465.2
binance-BTC/USDT,BTCUSDT,59485.99,,,2024-09-18 18:57:09.543105+03:00,0.010070611970406797,,178457.97
binance-BTC/RUB,BTCRUB,3900027.0,,,2024-09-18 18:57:09.547747+03:00,0.0,,11700081.0
gateio-BTC/USDT,BTC/USDT,59481.8,,,2024-09-18 18:57:09.553668+03:00,-0.013111535461653187,,178445.40000000002
kucoin-BTC/USDT,BTC/USDT,59488.5,,,2024-09-18 18:57:09.557531+03:00,0.00016809999932515383,,178465.5
binance-BTC/USDT,BTCUSDT,59465.37,,,2024-09-18 18:58:09.563345+03:00,-0.03466362415754591,,178396.11000000002
binance-BTC/RUB,BTCRUB,3900027.0,,,2024-09-18 18:58:09.568796+03:00,0.0,,11700081.0
gateio-BTC/USDT,BTC/USDT,59467.4,,,2024-09-18 18:58:09.576255+03:00,-0.024209085804399757,,178402.2
kucoin-BTC/USDT,BTC/USDT,59464.5,,,2024-09-18 18:58:09.585424+03:00,-0.040343932020474545,,178393.5
binance-BTC/USDT,BTCUSDT,59473.15,,,2024-09-18 18:59:10.085893+03:00,0.013083244920529102,,178419.45
binance-BTC/RUB,BTCRUB,3900027.0,,,2024-09-18 18:59:10.090064+03:00,0.0,,11700081.0
gateio-BTC/USDT,BTC/USDT,59480.0,,,2024-09-18 18:59:10.096108+03:00,0.021188079519196306,,178440.0
kucoin-BTC/USDT,BTC/USDT,59480.8,,,2024-09-18 18:59:10.102489+03:00,0.027411312631911326,,178442.40000000002
binance-BTC/USDT,BTCUSDT,59391.1,,,2024-09-18 19:00:10.083176+03:00,-0.13796141620210617,,178173.3
binance-BTC/RUB,BTCRUB,3900027.0,,,2024-09-18 19:00:10.087872+03:00,0.0,,11700081.0
gateio-BTC/USDT,BTC/USDT,59396.1,,,2024-09-18 19:00:10.095190+03:00,-0.14105581708137432,,178188.3
kucoin-BTC/USDT,BTC/USDT,59408.8,,,2024-09-18 19:00:10.102143+03:00,-0.12104746405562804,,178226.40000000002
